nome;preco
Camiseta;29.99
Calça Jeans;59.99
Blusa;19.99
Jaqueta;79.99
Vestido;39.99
Sapato;49.99
Saia;24.99
Blazer;89.99
Shorts;34.99
Camisa;39.99
Vestido de Festa;99.99
Tênis;69.99
Regata;14.99
Casaco;79.99
Calça Legging;44.99
Vestido;39.99
Sapato;49.99
Saia;24.99
Blazer;89.99
Shorts;34.99
Camisa;39.99
Vestido de Festa;99.99
Tênis;69.99
Regata;14.99
Casaco;79.99
Calça Legging;44.99
Vestido;39.99
Sapato;49.99
Saia;24.99
Blazer;89.99
Shorts;34.99
Camisa;39.99
Vestido de Festa;99.99
Tênis;69.99
Regata;14.99
Casaco;79.99
Calça Legging;44.99
Camiseta;29.99
Calça Jeans;59.99
Blusa;19.99
Jaqueta;79.99
Vestido;39.99
Sapato;49.99
Saia;24.99
Blazer;89.99
Shorts;34.99
Camisa;39.99
Vestido de Festa;99.99
Tênis;69.99
Regata;14.99
Camiseta;29.99
Calça Jeans;59.99
Blusa;19.99
Jaqueta;79.99
Vestido;39.99
Sapato;49.99
Saia;24.99
Blazer;89.99
Shorts;34.99
Camisa;39.99
Vestido de Festa;99.99
Tênis;69.99
Regata;14.99
Calça Legging;44.99
Vestido;39.99
Sapato;49.99
Saia;24.99
Blazer;89.99
Shorts;34.99
Camisa;39.99
Vestido de Festa;99.99
Tênis;69.99
Regata;14.99
Casaco;79.99
Calça Legging;44.99
Camiseta;29.99
Calça Jeans;59.99
Blusa;19.99
Jaqueta;79.99
Vestido;39.99
Calça Legging;44.99
Vestido;39.99
Sapato;49.99
Saia;24.99
Blazer;89.99
Shorts;34.99
Camisa;39.99
Vestido de Festa;99.99
Tênis;69.99
Regata;14.99
Casaco;79.99
Calça Legging;44.99
Camiseta;29.99
Calça Jeans;59.99
Blusa;19.99
Jaqueta;79.99
Vestido;39.99
Calça Legging;44.99
Vestido;39.99
Sapato;49.99
Saia;24.99
Blazer;89.99
Shorts;34.99
Camisa;39.99
Vestido de Festa;99.99
Tênis;69.99
Regata;14.99
Casaco;79.99
Calça Legging;44.99
Camiseta;29.99
Calça Jeans;59.99
Blusa;19.99
Jaqueta;79.99
Vestido;39.99
Jaqueta;79.99
Jaqueta;79.99
Jaqueta;79.99
Calça Legging;44.99
Camiseta;29.99
Calça Jeans;59.99
Blusa;19.99
Jaqueta;79.99
Vestido;39.99
Calça Legging;44.99
Vestido;39.99
Sapato;49.99
Saia;24.99
Vestido;39.99
Sapato;49.99
Vestido;39.99
Sapato;49.99
Vestido;39.99
Sapato;49.99
Vestido;39.99
Calça Legging;44.99
Vestido;39.99
Sapato;49.99
Saia;24.99
Blazer;89.99
Shorts;34.99
Camisa;39.99
Vestido de Festa;99.99
